"x","y","z","color","region","site_name","group"
-0.8,11.7,155.8,"#000000","WACASL","EVANS_CREEK",0
-0.8,12.9,245.4,"#000000","WACASL","STONE_NURSERY",0
-0.8,9.9,589.6,"#000000","WACASL","JAMMER3",0
-0.8,11.2,644.1,"#000000","WACASL","NORTONS",0
-0.8,11.2,233.1,"#000000","WACASL","FLORAS",0
-0.8,11.6,333.4,"#000000","WACASL","SLICE_BUTTE",0
-0.8,10.6,577.1,"#000000","WACASL","BUCKHORN2",0
-0.8,8.2,170.4,"#000000","WACASL","DOORSTOP",0
-0.8,9.7,179.4,"#000000","WACASL","SODA320",0
-2,11.2,202.8,"#000000","WACASL","FLORAS",0
-2,11.6,322.4,"#000000","WACASL","SLICE_BUTTE",0
-2,9.7,129,"#000000","WACASL","SODA320",0
-2,8.2,136.3,"#000000","WACASL","DOORSTOP",0
-2,11.7,206.3,"#000000","WACASL","EVANS_CREEK",0
-2,10.6,490.6,"#000000","WACASL","BUCKHORN2",0
-2,12.9,232.2,"#000000","WACASL","STONE_NURSERY",0
-2,9.9,451.2,"#000000","WACASL","JAMMER3",0
-2,11.2,573.6,"#000000","WACASL","NORTONS",0
-2.5,12.9,222.4,"#000000","WACASL","STONE_NURSERY",0
-2.5,10.6,582.1,"#000000","WACASL","BUCKHORN2",0
-2.5,9.7,171,"#000000","WACASL","SODA320",0
-2.5,11.2,632.1,"#000000","WACASL","NORTONS",0
-2.5,9.9,529.4,"#000000","WACASL","JAMMER3",0
-2.5,11.2,215,"#000000","WACASL","FLORAS",0
-2.5,11.7,156,"#000000","WACASL","EVANS_CREEK",0
-2.5,11.6,337.2,"#000000","WACASL","SLICE_BUTTE",0
-2.5,8.2,177.4,"#000000","WACASL","DOORSTOP",0
-2.4,11.2,657,"#000000","WACASL","NORTONS",0
-2.4,11.7,142.1,"#000000","WACASL","EVANS_CREEK",0
-2.4,12.9,185.1,"#000000","WACASL","STONE_NURSERY",0
-2.4,11.6,307.2,"#000000","WACASL","SLICE_BUTTE",0
-2.4,9.7,167.6,"#000000","WACASL","SODA320",0
-2.4,11.2,270.1,"#000000","WACASL","FLORAS",0
-2.4,8.2,143,"#000000","WACASL","DOORSTOP",0
-2.4,9.9,422.4,"#000000","WACASL","JAMMER3",0
-2.4,10.6,462.4,"#000000","WACASL","BUCKHORN2",0
-4.2,11.7,165.2,"#000000","WACASL","EVANS_CREEK",0
-4.2,11.2,601.8,"#000000","WACASL","NORTONS",0
-4.2,12.9,195.7,"#000000","WACASL","STONE_NURSERY",0
-4.2,9.7,156.1,"#000000","WACASL","SODA320",0
-4.2,11.2,241,"#000000","WACASL","FLORAS",0
-4.2,11.6,279.6,"#000000","WACASL","SLICE_BUTTE",0
-4.2,9.9,395.7,"#000000","WACASL","JAMMER3",0
-4.2,8.2,135.7,"#000000","WACASL","DOORSTOP",0
-4.2,10.6,453.5,"#000000","WACASL","BUCKHORN2",0
0.9,11.2,728.5,"#00008B","ORCSTN","NORTONS",1
0.9,9.7,222.8,"#00008B","ORCSTN","SODA320",1
0.9,10.6,482.3,"#00008B","ORCSTN","BUCKHORN2",1
0.9,8.2,156.3,"#00008B","ORCSTN","DOORSTOP",1
0.9,12.9,258.8,"#00008B","ORCSTN","STONE_NURSERY",1
0.9,11.2,316.9,"#00008B","ORCSTN","FLORAS",1
0.9,11.7,181,"#00008B","ORCSTN","EVANS_CREEK",1
0.9,11.6,331.6,"#00008B","ORCSTN","SLICE_BUTTE",1
0.9,9.9,630.7,"#00008B","ORCSTN","JAMMER3",1
0.3,9.7,159.3,"#00008B","ORCSTN","SODA320",1
0.3,11.2,287.7,"#00008B","ORCSTN","FLORAS",1
0.3,11.7,163.5,"#00008B","ORCSTN","EVANS_CREEK",1
0.3,8.2,109.6,"#00008B","ORCSTN","DOORSTOP",1
0.3,12.9,201.6,"#00008B","ORCSTN","STONE_NURSERY",1
0.3,11.6,346.2,"#00008B","ORCSTN","SLICE_BUTTE",1
0.3,11.2,604.9,"#00008B","ORCSTN","NORTONS",1
0.3,10.6,464,"#00008B","ORCSTN","BUCKHORN2",1
0.3,9.9,442.3,"#00008B","ORCSTN","JAMMER3",1
1.3,10.6,707.7,"#00008B","ORCSTN","BUCKHORN2",1
1.3,11.7,194.1,"#00008B","ORCSTN","EVANS_CREEK",1
1.3,11.6,402.1,"#00008B","ORCSTN","SLICE_BUTTE",1
1.3,12.9,245.2,"#00008B","ORCSTN","STONE_NURSERY",1
1.3,8.2,188.8,"#00008B","ORCSTN","DOORSTOP",1
1.3,9.7,211.9,"#00008B","ORCSTN","SODA320",1
1.3,11.2,353.2,"#00008B","ORCSTN","FLORAS",1
1.3,9.9,711.6,"#00008B","ORCSTN","JAMMER3",1
1.3,11.2,885.8,"#00008B","ORCSTN","NORTONS",1
0.6,11.2,423.9,"#00008B","ORCSTN","FLORAS",1
0.6,11.6,464.4,"#00008B","ORCSTN","SLICE_BUTTE",1
0.6,10.6,638.8,"#00008B","ORCSTN","BUCKHORN2",1
0.6,9.9,578.8,"#00008B","ORCSTN","JAMMER3",1
0.6,11.7,217.6,"#00008B","ORCSTN","EVANS_CREEK",1
0.6,12.9,236.9,"#00008B","ORCSTN","STONE_NURSERY",1
0.6,11.2,844.5,"#00008B","ORCSTN","NORTONS",1
0.6,8.2,162.1,"#00008B","ORCSTN","DOORSTOP",1
0.6,9.7,200.5,"#00008B","ORCSTN","SODA320",1
0.2,9.9,531.2,"#00008B","ORCSTN","JAMMER3",1
0.2,11.6,378.6,"#00008B","ORCSTN","SLICE_BUTTE",1
0.2,11.7,183.1,"#00008B","ORCSTN","EVANS_CREEK",1
0.2,11.2,351.4,"#00008B","ORCSTN","FLORAS",1
0.2,9.7,190.1,"#00008B","ORCSTN","SODA320",1
0.2,12.9,281.1,"#00008B","ORCSTN","STONE_NURSERY",1
0.2,10.6,490.9,"#00008B","ORCSTN","BUCKHORN2",1
0.2,11.2,799.6,"#00008B","ORCSTN","NORTONS",1
0.2,8.2,191.6,"#00008B","ORCSTN","DOORSTOP",1
3.3,10.6,612.9,"#00FF00","ORCSTS","BUCKHORN2",2
3.3,11.7,184.7,"#00FF00","ORCSTS","EVANS_CREEK",2
3.3,11.6,354,"#00FF00","ORCSTS","SLICE_BUTTE",2
3.3,9.7,181.8,"#00FF00","ORCSTS","SODA320",2
3.3,8.2,134.3,"#00FF00","ORCSTS","DOORSTOP",2
3.3,12.9,251.1,"#00FF00","ORCSTS","STONE_NURSERY",2
3.3,11.2,843.7,"#00FF00","ORCSTS","NORTONS",2
3.3,9.9,561,"#00FF00","ORCSTS","JAMMER3",2
3.3,11.2,459.8,"#00FF00","ORCSTS","FLORAS",2
2.8,11.2,766,"#00FF00","ORCSTS","NORTONS",2
2.8,9.7,172.7,"#00FF00","ORCSTS","SODA320",2
2.8,12.9,300.4,"#00FF00","ORCSTS","STONE_NURSERY",2
2.8,11.7,201.8,"#00FF00","ORCSTS","EVANS_CREEK",2
2.8,10.6,609.1,"#00FF00","ORCSTS","BUCKHORN2",2
2.8,8.2,116.5,"#00FF00","ORCSTS","DOORSTOP",2
2.8,11.2,520.4,"#00FF00","ORCSTS","FLORAS",2
2.8,9.9,587.1,"#00FF00","ORCSTS","JAMMER3",2
2.8,11.6,437.2,"#00FF00","ORCSTS","SLICE_BUTTE",2
2.35,12.9,208.6,"#00FF00","ORCSTS","STONE_NURSERY",2
2.35,11.2,671.6,"#00FF00","ORCSTS","NORTONS",2
2.35,11.2,461.7,"#00FF00","ORCSTS","FLORAS",2
2.35,10.6,623.4,"#00FF00","ORCSTS","BUCKHORN2",2
2.35,11.7,173,"#00FF00","ORCSTS","EVANS_CREEK",2
2.35,8.2,119.2,"#00FF00","ORCSTS","DOORSTOP",2
2.35,9.9,573.7,"#00FF00","ORCSTS","JAMMER3",2
2.35,11.6,381,"#00FF00","ORCSTS","SLICE_BUTTE",2
2.35,9.7,178.1,"#00FF00","ORCSTS","SODA320",2
1.65,11.6,414.4,"#00FF00","ORCSTS","SLICE_BUTTE",2
1.65,10.6,673.8,"#00FF00","ORCSTS","BUCKHORN2",2
1.65,11.2,745.6,"#00FF00","ORCSTS","NORTONS",2
1.65,11.7,165.8,"#00FF00","ORCSTS","EVANS_CREEK",2
1.65,9.9,640.7,"#00FF00","ORCSTS","JAMMER3",2
1.65,12.9,273,"#00FF00","ORCSTS","STONE_NURSERY",2
1.65,11.2,573.4,"#00FF00","ORCSTS","FLORAS",2
1.65,9.7,235.4,"#00FF00","ORCSTS","SODA320",2
1.65,8.2,153.2,"#00FF00","ORCSTS","DOORSTOP",2
1.7,9.9,630.5,"#00FF00","ORCSTS","JAMMER3",2
1.7,12.9,279.7,"#00FF00","ORCSTS","STONE_NURSERY",2
1.7,10.6,581.2,"#00FF00","ORCSTS","BUCKHORN2",2
1.7,11.7,164.6,"#00FF00","ORCSTS","EVANS_CREEK",2
1.7,9.7,204.3,"#00FF00","ORCSTS","SODA320",2
1.7,11.2,814.5,"#00FF00","ORCSTS","NORTONS",2
1.7,8.2,146.1,"#00FF00","ORCSTS","DOORSTOP",2
1.7,11.2,475.1,"#00FF00","ORCSTS","FLORAS",2
1.7,11.6,362.1,"#00FF00","ORCSTS","SLICE_BUTTE",2
1.75,11.6,286,"#A020F0","CAKLA","SLICE_BUTTE",3
1.75,11.7,176.3,"#A020F0","CAKLA","EVANS_CREEK",3
1.75,12.9,300.3,"#A020F0","CAKLA","STONE_NURSERY",3
1.75,9.7,96.4,"#A020F0","CAKLA","SODA320",3
-2.7,9.9,286.9,"#A020F0","CAKLA","JAMMER3",3
-2.7,11.7,129.9,"#A020F0","CAKLA","EVANS_CREEK",3
-2.7,11.2,448,"#A020F0","CAKLA","NORTONS",3
-2.7,12.9,204.8,"#A020F0","CAKLA","STONE_NURSERY",3
-2.8,11.2,355.8,"#A020F0","CAKLA","NORTONS",3
-2.8,12.9,204.3,"#A020F0","CAKLA","STONE_NURSERY",3
-2.8,11.7,138.8,"#A020F0","CAKLA","EVANS_CREEK",3
-1,12.9,233.5,"#A020F0","CAKLA","STONE_NURSERY",3
-1,11.7,118.5,"#A020F0","CAKLA","EVANS_CREEK",3
-1,9.9,292.9,"#A020F0","CAKLA","JAMMER3",3
-1,9.7,93.3,"#A020F0","CAKLA","SODA320",3
-1,11.6,270.2,"#A020F0","CAKLA","SLICE_BUTTE",3
0.9,12.9,217.7,"#A020F0","CAKLA","STONE_NURSERY",3
0.9,11.2,403.1,"#A020F0","CAKLA","NORTONS",3
0.9,11.7,135.3,"#A020F0","CAKLA","EVANS_CREEK",3
-0.4,11.7,176.1,"#A52A2A","ORCASL","EVANS_CREEK",4
-0.4,9.9,542.3,"#A52A2A","ORCASL","JAMMER3",4
-0.4,11.2,751.1,"#A52A2A","ORCASL","NORTONS",4
-0.4,11.6,388,"#A52A2A","ORCASL","SLICE_BUTTE",4
-0.4,9.7,154.7,"#A52A2A","ORCASL","SODA320",4
-0.4,8.2,188.1,"#A52A2A","ORCASL","DOORSTOP",4
-0.4,12.9,240.4,"#A52A2A","ORCASL","STONE_NURSERY",4
-0.4,10.6,583.8,"#A52A2A","ORCASL","BUCKHORN2",4
-0.4,11.2,301.9,"#A52A2A","ORCASL","FLORAS",4
-0.1,11.2,720.8,"#A52A2A","ORCASL","NORTONS",4
-0.1,9.7,207.3,"#A52A2A","ORCASL","SODA320",4
-0.1,10.6,536.5,"#A52A2A","ORCASL","BUCKHORN2",4
-0.1,9.9,567.3,"#A52A2A","ORCASL","JAMMER3",4
-0.1,11.6,389.8,"#A52A2A","ORCASL","SLICE_BUTTE",4
-0.1,8.2,168.4,"#A52A2A","ORCASL","DOORSTOP",4
-0.1,12.9,206.1,"#A52A2A","ORCASL","STONE_NURSERY",4
-0.1,11.2,350.1,"#A52A2A","ORCASL","FLORAS",4
-0.1,11.7,178,"#A52A2A","ORCASL","EVANS_CREEK",4
0.05,8.2,156.3,"#A52A2A","ORCASL","DOORSTOP",4
0.05,11.7,177.8,"#A52A2A","ORCASL","EVANS_CREEK",4
0.05,11.6,324.3,"#A52A2A","ORCASL","SLICE_BUTTE",4
0.05,10.6,543.2,"#A52A2A","ORCASL","BUCKHORN2",4
0.05,9.7,170.1,"#A52A2A","ORCASL","SODA320",4
0.05,11.2,746.6,"#A52A2A","ORCASL","NORTONS",4
0.05,11.2,294.1,"#A52A2A","ORCASL","FLORAS",4
0.05,12.9,179.3,"#A52A2A","ORCASL","STONE_NURSERY",4
0.05,9.9,585.5,"#A52A2A","ORCASL","JAMMER3",4
-0.3,9.9,681.9,"#A52A2A","ORCASL","JAMMER3",4
-0.3,10.6,657.5,"#A52A2A","ORCASL","BUCKHORN2",4
-0.3,12.9,211.3,"#A52A2A","ORCASL","STONE_NURSERY",4
-0.3,11.7,204.2,"#A52A2A","ORCASL","EVANS_CREEK",4
-0.3,11.2,353.4,"#A52A2A","ORCASL","FLORAS",4
-0.3,8.2,189,"#A52A2A","ORCASL","DOORSTOP",4
-0.3,9.7,192.9,"#A52A2A","ORCASL","SODA320",4
-0.3,11.6,410.8,"#A52A2A","ORCASL","SLICE_BUTTE",4
-0.3,11.2,633.6,"#A52A2A","ORCASL","NORTONS",4
-0.9,11.2,666.9,"#A52A2A","ORCASL","NORTONS",4
-0.9,11.7,182.1,"#A52A2A","ORCASL","EVANS_CREEK",4
-0.9,9.7,228.1,"#A52A2A","ORCASL","SODA320",4
-0.9,11.6,387.7,"#A52A2A","ORCASL","SLICE_BUTTE",4
-0.9,12.9,181.3,"#A52A2A","ORCASL","STONE_NURSERY",4
-0.9,9.9,526.3,"#A52A2A","ORCASL","JAMMER3",4
-0.9,10.6,490.4,"#A52A2A","ORCASL","BUCKHORN2",4
-0.9,11.2,314.7,"#A52A2A","ORCASL","FLORAS",4
-0.9,8.2,154.4,"#A52A2A","ORCASL","DOORSTOP",4
4.3,10.6,445,"#ADD8E6","CACST","BUCKHORN2",5
4.3,11.2,590.4,"#ADD8E6","CACST","FLORAS",5
4.3,9.7,110.3,"#ADD8E6","CACST","SODA320",5
4.3,8.2,59.5,"#ADD8E6","CACST","DOORSTOP",5
4.3,9.9,353.4,"#ADD8E6","CACST","JAMMER3",5
4.3,11.7,208.6,"#ADD8E6","CACST","EVANS_CREEK",5
4.3,11.2,566.1,"#ADD8E6","CACST","NORTONS",5
4.3,11.6,346.2,"#ADD8E6","CACST","SLICE_BUTTE",5
3.75,9.7,125.4,"#ADD8E6","CACST","SODA320",5
3.75,8.2,53.1,"#ADD8E6","CACST","DOORSTOP",5
3.75,11.7,201,"#ADD8E6","CACST","EVANS_CREEK",5
3.75,10.6,388.4,"#ADD8E6","CACST","BUCKHORN2",5
3.75,9.9,239.5,"#ADD8E6","CACST","JAMMER3",5
3.75,11.2,307.8,"#ADD8E6","CACST","FLORAS",5
3.75,11.6,271.2,"#ADD8E6","CACST","SLICE_BUTTE",5
2.95,11.2,493.1,"#ADD8E6","CACST","NORTONS",5
2.95,11.6,267.5,"#ADD8E6","CACST","SLICE_BUTTE",5
2.95,9.7,63.1,"#ADD8E6","CACST","SODA320",5
2.95,11.7,179.6,"#ADD8E6","CACST","EVANS_CREEK",5
2.95,10.6,355.3,"#ADD8E6","CACST","BUCKHORN2",5
2.95,8.2,21.1,"#ADD8E6","CACST","DOORSTOP",5
2.95,9.9,264.1,"#ADD8E6","CACST","JAMMER3",5
2.95,11.2,304.7,"#ADD8E6","CACST","FLORAS",5
2.8,11.6,313.2,"#ADD8E6","CACST","SLICE_BUTTE",5
2.8,9.7,100.3,"#ADD8E6","CACST","SODA320",5
2.8,11.2,289,"#ADD8E6","CACST","FLORAS",5
2.8,11.7,165.4,"#ADD8E6","CACST","EVANS_CREEK",5
2.8,10.6,428.5,"#ADD8E6","CACST","BUCKHORN2",5
2.8,11.2,487,"#ADD8E6","CACST","NORTONS",5
2.8,8.2,57,"#ADD8E6","CACST","DOORSTOP",5
2.8,9.9,287.6,"#ADD8E6","CACST","JAMMER3",5
3.1,9.7,189,"#ADD8E6","CACST","SODA320",5
3.1,12.9,204.5,"#ADD8E6","CACST","STONE_NURSERY",5
3.1,10.6,475.5,"#ADD8E6","CACST","BUCKHORN2",5
3.1,11.7,199.2,"#ADD8E6","CACST","EVANS_CREEK",5
3.1,8.2,92.1,"#ADD8E6","CACST","DOORSTOP",5
3.1,9.9,582.5,"#ADD8E6","CACST","JAMMER3",5
3.1,11.2,815.5,"#ADD8E6","CACST","NORTONS",5
3.1,11.6,396.3,"#ADD8E6","CACST","SLICE_BUTTE",5
3.1,11.2,398.4,"#ADD8E6","CACST","FLORAS",5
-0.6,11.2,768.7,"#BEBEBE","WACST","NORTONS",6
-0.6,9.9,575.4,"#BEBEBE","WACST","JAMMER3",6
-0.6,8.2,164.8,"#BEBEBE","WACST","DOORSTOP",6
-0.6,10.6,543.4,"#BEBEBE","WACST","BUCKHORN2",6
-0.6,12.9,171.5,"#BEBEBE","WACST","STONE_NURSERY",6
-0.6,11.2,420.3,"#BEBEBE","WACST","FLORAS",6
-0.6,11.7,167.9,"#BEBEBE","WACST","EVANS_CREEK",6
-0.6,11.6,311.1,"#BEBEBE","WACST","SLICE_BUTTE",6
-0.6,9.7,173.1,"#BEBEBE","WACST","SODA320",6
0.3,11.2,890.6,"#BEBEBE","WACST","NORTONS",6
0.3,11.6,399.6,"#BEBEBE","WACST","SLICE_BUTTE",6
0.3,9.7,222.3,"#BEBEBE","WACST","SODA320",6
0.3,9.9,660.9,"#BEBEBE","WACST","JAMMER3",6
0.3,8.2,185,"#BEBEBE","WACST","DOORSTOP",6
0.3,10.6,596.5,"#BEBEBE","WACST","BUCKHORN2",6
0.3,12.9,217.9,"#BEBEBE","WACST","STONE_NURSERY",6
0.3,11.2,281.1,"#BEBEBE","WACST","FLORAS",6
0.3,11.7,176.1,"#BEBEBE","WACST","EVANS_CREEK",6
0.6,12.9,198.7,"#BEBEBE","WACST","STONE_NURSERY",6
0.6,11.2,913.7,"#BEBEBE","WACST","NORTONS",6
0.6,11.6,413.1,"#BEBEBE","WACST","SLICE_BUTTE",6
0.6,9.7,227.5,"#BEBEBE","WACST","SODA320",6
0.6,9.9,606.8,"#BEBEBE","WACST","JAMMER3",6
0.6,11.2,236,"#BEBEBE","WACST","FLORAS",6
0.6,10.6,599.6,"#BEBEBE","WACST","BUCKHORN2",6
0.6,11.7,204.8,"#BEBEBE","WACST","EVANS_CREEK",6
0.6,8.2,171.2,"#BEBEBE","WACST","DOORSTOP",6
0.55,11.2,737.1,"#BEBEBE","WACST","NORTONS",6
0.55,12.9,149.1,"#BEBEBE","WACST","STONE_NURSERY",6
0.55,9.9,499.7,"#BEBEBE","WACST","JAMMER3",6
0.55,8.2,152,"#BEBEBE","WACST","DOORSTOP",6
0.55,11.7,154.5,"#BEBEBE","WACST","EVANS_CREEK",6
0.55,9.7,173.3,"#BEBEBE","WACST","SODA320",6
0.55,11.6,323.4,"#BEBEBE","WACST","SLICE_BUTTE",6
0.55,10.6,558.1,"#BEBEBE","WACST","BUCKHORN2",6
0.55,11.2,222.3,"#BEBEBE","WACST","FLORAS",6
0.15,11.2,709.9,"#BEBEBE","WACST","NORTONS",6
0.15,12.9,201.4,"#BEBEBE","WACST","STONE_NURSERY",6
0.15,9.9,601.5,"#BEBEBE","WACST","JAMMER3",6
0.15,10.6,449.9,"#BEBEBE","WACST","BUCKHORN2",6
0.15,11.7,186.5,"#BEBEBE","WACST","EVANS_CREEK",6
0.15,8.2,193,"#BEBEBE","WACST","DOORSTOP",6
0.15,9.7,168.2,"#BEBEBE","WACST","SODA320",6
0.15,11.2,301.9,"#BEBEBE","WACST","FLORAS",6
0.15,11.6,365.2,"#BEBEBE","WACST","SLICE_BUTTE",6
-2.6,11.6,259.2,"#FF0000","ORCASH","SLICE_BUTTE",7
-2.6,11.2,625.3,"#FF0000","ORCASH","NORTONS",7
-2.6,12.9,237.3,"#FF0000","ORCASH","STONE_NURSERY",7
-2.6,8.2,153,"#FF0000","ORCASH","DOORSTOP",7
-2.6,10.6,375.7,"#FF0000","ORCASH","BUCKHORN2",7
-2.6,9.7,98.8,"#FF0000","ORCASH","SODA320",7
-2.6,9.9,413.4,"#FF0000","ORCASH","JAMMER3",7
-2.6,11.2,232.3,"#FF0000","ORCASH","FLORAS",7
-2.6,11.7,154.2,"#FF0000","ORCASH","EVANS_CREEK",7
-1,11.6,374.9,"#FF0000","ORCASH","SLICE_BUTTE",7
-1,10.6,464.2,"#FF0000","ORCASH","BUCKHORN2",7
-1,11.2,260.2,"#FF0000","ORCASH","FLORAS",7
-1,11.2,654.3,"#FF0000","ORCASH","NORTONS",7
-1,12.9,232.5,"#FF0000","ORCASH","STONE_NURSERY",7
-1,9.9,496.9,"#FF0000","ORCASH","JAMMER3",7
-1,8.2,170.8,"#FF0000","ORCASH","DOORSTOP",7
-1,11.7,169.6,"#FF0000","ORCASH","EVANS_CREEK",7
-1,9.7,176.3,"#FF0000","ORCASH","SODA320",7
-4.15,11.2,190.9,"#FF0000","ORCASH","FLORAS",7
-4.15,11.7,131.9,"#FF0000","ORCASH","EVANS_CREEK",7
-4.15,9.9,315.9,"#FF0000","ORCASH","JAMMER3",7
-4.15,12.9,204.1,"#FF0000","ORCASH","STONE_NURSERY",7
-4.15,9.7,97.2,"#FF0000","ORCASH","SODA320",7
-4.15,10.6,294.2,"#FF0000","ORCASH","BUCKHORN2",7
-4.15,11.2,383.7,"#FF0000","ORCASH","NORTONS",7
-4.15,11.6,227.5,"#FF0000","ORCASH","SLICE_BUTTE",7
-4.15,8.2,118.3,"#FF0000","ORCASH","DOORSTOP",7
-5.4,11.6,222.2,"#FF0000","ORCASH","SLICE_BUTTE",7
-5.4,12.9,179.9,"#FF0000","ORCASH","STONE_NURSERY",7
-5.4,9.9,238.9,"#FF0000","ORCASH","JAMMER3",7
-5.4,11.2,398.1,"#FF0000","ORCASH","NORTONS",7
-5.4,9.7,96.8,"#FF0000","ORCASH","SODA320",7
-5.4,11.7,112.6,"#FF0000","ORCASH","EVANS_CREEK",7
-5.4,8.2,91.6,"#FF0000","ORCASH","DOORSTOP",7
-5.4,11.2,132,"#FF0000","ORCASH","FLORAS",7
-5.4,10.6,298.2,"#FF0000","ORCASH","BUCKHORN2",7
-3.35,12.9,271.2,"#FF0000","ORCASH","STONE_NURSERY",7
-3.35,11.2,326.5,"#FF0000","ORCASH","FLORAS",7
-3.35,9.7,128,"#FF0000","ORCASH","SODA320",7
-3.35,9.9,467.7,"#FF0000","ORCASH","JAMMER3",7
-3.35,11.2,699.1,"#FF0000","ORCASH","NORTONS",7
-3.35,8.2,169,"#FF0000","ORCASH","DOORSTOP",7
-3.35,11.6,322.7,"#FF0000","ORCASH","SLICE_BUTTE",7
-3.35,11.7,164.9,"#FF0000","ORCASH","EVANS_CREEK",7
-3.35,10.6,508.1,"#FF0000","ORCASH","BUCKHORN2",7
-1.15,11.7,113,"#FFA500","ORSISH","EVANS_CREEK",8
-1.15,11.6,246,"#FFA500","ORSISH","SLICE_BUTTE",8
-1.15,11.2,351,"#FFA500","ORSISH","NORTONS",8
-1.15,12.9,117.9,"#FFA500","ORSISH","STONE_NURSERY",8
-1.15,9.9,316.8,"#FFA500","ORSISH","JAMMER3",8
-1.15,11.2,187.2,"#FFA500","ORSISH","FLORAS",8
-1.3,9.7,110.9,"#FFA500","ORSISH","SODA320",8
-1.3,9.9,348.8,"#FFA500","ORSISH","JAMMER3",8
-1.3,11.7,155.7,"#FFA500","ORSISH","EVANS_CREEK",8
-1.3,11.6,271.6,"#FFA500","ORSISH","SLICE_BUTTE",8
-1.3,10.6,430.4,"#FFA500","ORSISH","BUCKHORN2",8
-1.3,11.2,163.3,"#FFA500","ORSISH","FLORAS",8
-1.3,11.2,510.4,"#FFA500","ORSISH","NORTONS",8
-1.3,12.9,185.3,"#FFA500","ORSISH","STONE_NURSERY",8
-1.3,8.2,94.3,"#FFA500","ORSISH","DOORSTOP",8
-3.35,9.7,60.7,"#FFA500","ORSISH","SODA320",8
-3.35,12.9,134.2,"#FFA500","ORSISH","STONE_NURSERY",8
-3.35,9.9,189,"#FFA500","ORSISH","JAMMER3",8
-3.35,11.7,99.8,"#FFA500","ORSISH","EVANS_CREEK",8
-3.35,11.2,103.7,"#FFA500","ORSISH","FLORAS",8
-3.35,11.6,152.2,"#FFA500","ORSISH","SLICE_BUTTE",8
-1.3,9.7,122.5,"#FFA500","ORSISH","SODA320",8
-1.3,9.9,398.5,"#FFA500","ORSISH","JAMMER3",8
-1.3,11.7,164.1,"#FFA500","ORSISH","EVANS_CREEK",8
-1.3,11.2,475.3,"#FFA500","ORSISH","NORTONS",8
-1.3,10.6,485.8,"#FFA500","ORSISH","BUCKHORN2",8
-1.3,12.9,165.2,"#FFA500","ORSISH","STONE_NURSERY",8
-1.3,11.2,297.6,"#FFA500","ORSISH","FLORAS",8
-1.3,8.2,106.5,"#FFA500","ORSISH","DOORSTOP",8
-1.3,11.6,246.1,"#FFA500","ORSISH","SLICE_BUTTE",8
-3.9,12.9,135.2,"#FFA500","ORSISH","STONE_NURSERY",8
-3.9,11.6,196,"#FFA500","ORSISH","SLICE_BUTTE",8
-3.9,9.7,113.1,"#FFA500","ORSISH","SODA320",8
-3.9,9.9,329.4,"#FFA500","ORSISH","JAMMER3",8
-3.9,11.2,367.6,"#FFA500","ORSISH","NORTONS",8
-3.9,11.2,174.4,"#FFA500","ORSISH","FLORAS",8
-3.9,11.7,137.2,"#FFA500","ORSISH","EVANS_CREEK",8
-4,12.9,119.9,"#FFC0CB","CASIERRA","STONE_NURSERY",9
-4,11.7,92.3,"#FFC0CB","CASIERRA","EVANS_CREEK",9
-5.7,12.9,101.9,"#FFC0CB","CASIERRA","STONE_NURSERY",9
-5.7,11.7,88.1,"#FFC0CB","CASIERRA","EVANS_CREEK",9
-4.95,12.9,125.6,"#FFC0CB","CASIERRA","STONE_NURSERY",9
-4.95,11.7,114.2,"#FFC0CB","CASIERRA","EVANS_CREEK",9
-5.6,12.9,97.1,"#FFC0CB","CASIERRA","STONE_NURSERY",9
-5.6,11.7,100.3,"#FFC0CB","CASIERRA","EVANS_CREEK",9
-5.65,12.9,108.4,"#FFC0CB","CASIERRA","STONE_NURSERY",9
-5.65,11.7,67.3,"#FFC0CB","CASIERRA","EVANS_CREEK",9
-1.6,9.7,126.6,"#FFFF00","ORSISL","SODA320",10
-1.6,11.6,297,"#FFFF00","ORSISL","SLICE_BUTTE",10
-1.6,12.9,211.6,"#FFFF00","ORSISL","STONE_NURSERY",10
-1.6,11.2,333.2,"#FFFF00","ORSISL","FLORAS",10
-1.6,11.2,471.2,"#FFFF00","ORSISL","NORTONS",10
-1.6,11.7,190.4,"#FFFF00","ORSISL","EVANS_CREEK",10
-1.6,9.9,397.1,"#FFFF00","ORSISL","JAMMER3",10
-0.6,11.7,148.5,"#FFFF00","ORSISL","EVANS_CREEK",10
-0.6,11.2,358.5,"#FFFF00","ORSISL","NORTONS",10
-0.6,10.6,297.2,"#FFFF00","ORSISL","BUCKHORN2",10
-0.6,9.9,328.5,"#FFFF00","ORSISL","JAMMER3",10
-0.6,12.9,176,"#FFFF00","ORSISL","STONE_NURSERY",10
-0.9,9.9,474.8,"#FFFF00","ORSISL","JAMMER3",10
-0.9,11.2,319.4,"#FFFF00","ORSISL","FLORAS",10
-0.9,9.7,148.3,"#FFFF00","ORSISL","SODA320",10
-0.9,11.7,149.8,"#FFFF00","ORSISL","EVANS_CREEK",10
-0.9,10.6,408.1,"#FFFF00","ORSISL","BUCKHORN2",10
-0.9,12.9,269.7,"#FFFF00","ORSISL","STONE_NURSERY",10
-0.9,8.2,123.7,"#FFFF00","ORSISL","DOORSTOP",10
-0.9,11.6,252.4,"#FFFF00","ORSISL","SLICE_BUTTE",10
-0.9,11.2,503.8,"#FFFF00","ORSISL","NORTONS",10
0.3,11.2,641.4,"#FFFF00","ORSISL","NORTONS",10
0.3,12.9,321.7,"#FFFF00","ORSISL","STONE_NURSERY",10
0.3,10.6,455,"#FFFF00","ORSISL","BUCKHORN2",10
0.3,9.7,166.9,"#FFFF00","ORSISL","SODA320",10
0.3,11.6,323.9,"#FFFF00","ORSISL","SLICE_BUTTE",10
0.3,11.7,212.2,"#FFFF00","ORSISL","EVANS_CREEK",10
0.3,9.9,533.1,"#FFFF00","ORSISL","JAMMER3",10
0.3,11.2,349.3,"#FFFF00","ORSISL","FLORAS",10
0.3,8.2,161.4,"#FFFF00","ORSISL","DOORSTOP",10
-0.4,8.2,108.6,"#FFFF00","ORSISL","DOORSTOP",10
-0.4,11.6,259,"#FFFF00","ORSISL","SLICE_BUTTE",10
-0.4,11.7,163.7,"#FFFF00","ORSISL","EVANS_CREEK",10
-0.4,11.2,592.3,"#FFFF00","ORSISL","NORTONS",10
-0.4,9.9,536.5,"#FFFF00","ORSISL","JAMMER3",10
-0.4,11.2,352.5,"#FFFF00","ORSISL","FLORAS",10
-0.4,9.7,177.8,"#FFFF00","ORSISL","SODA320",10
-0.4,10.6,423.8,"#FFFF00","ORSISL","BUCKHORN2",10
-0.4,12.9,266.6,"#FFFF00","ORSISL","STONE_NURSERY",10
-2.4,9.7,161.3,"#FFFFFF","WACASH","SODA320",11
-2.4,12.9,193.1,"#FFFFFF","WACASH","STONE_NURSERY",11
-2.4,10.6,432.3,"#FFFFFF","WACASH","BUCKHORN2",11
-2.4,11.2,262,"#FFFFFF","WACASH","FLORAS",11
-2.4,11.6,359,"#FFFFFF","WACASH","SLICE_BUTTE",11
-2.4,11.7,177.7,"#FFFFFF","WACASH","EVANS_CREEK",11
-2.4,9.9,418.5,"#FFFFFF","WACASH","JAMMER3",11
-2.4,8.2,143.4,"#FFFFFF","WACASH","DOORSTOP",11
-2.4,11.2,626.7,"#FFFFFF","WACASH","NORTONS",11
-7.8,11.6,216.2,"#FFFFFF","WACASH","SLICE_BUTTE",11
-7.8,11.7,120,"#FFFFFF","WACASH","EVANS_CREEK",11
-7.8,11.2,300.7,"#FFFFFF","WACASH","NORTONS",11
-7.8,9.7,91.4,"#FFFFFF","WACASH","SODA320",11
-7.8,11.2,137.5,"#FFFFFF","WACASH","FLORAS",11
-7.8,9.9,293.7,"#FFFFFF","WACASH","JAMMER3",11
-7.8,12.9,114,"#FFFFFF","WACASH","STONE_NURSERY",11
-7.8,8.2,93.5,"#FFFFFF","WACASH","DOORSTOP",11
-7.8,10.6,326.1,"#FFFFFF","WACASH","BUCKHORN2",11
-4.9,9.9,350,"#FFFFFF","WACASH","JAMMER3",11
-4.9,12.9,145.7,"#FFFFFF","WACASH","STONE_NURSERY",11
-4.9,9.7,170,"#FFFFFF","WACASH","SODA320",11
-4.9,11.2,207,"#FFFFFF","WACASH","FLORAS",11
-4.9,11.6,247.7,"#FFFFFF","WACASH","SLICE_BUTTE",11
-4.9,11.2,448.2,"#FFFFFF","WACASH","NORTONS",11
-4.9,10.6,402.2,"#FFFFFF","WACASH","BUCKHORN2",11
-4.9,8.2,125.6,"#FFFFFF","WACASH","DOORSTOP",11
-4.9,11.7,134.5,"#FFFFFF","WACASH","EVANS_CREEK",11
-3.55,9.7,97,"#FFFFFF","WACASH","SODA320",11
-3.55,12.9,129.3,"#FFFFFF","WACASH","STONE_NURSERY",11
-3.55,11.7,143.2,"#FFFFFF","WACASH","EVANS_CREEK",11
-3.55,9.9,281.2,"#FFFFFF","WACASH","JAMMER3",11
-3.55,11.2,212.8,"#FFFFFF","WACASH","FLORAS",11
-3.55,8.2,104.4,"#FFFFFF","WACASH","DOORSTOP",11
-3.55,11.6,233,"#FFFFFF","WACASH","SLICE_BUTTE",11
-3.55,11.2,415.8,"#FFFFFF","WACASH","NORTONS",11
-3.55,10.6,382.9,"#FFFFFF","WACASH","BUCKHORN2",11
-5.1,11.2,304.7,"#FFFFFF","WACASH","NORTONS",11
-5.1,10.6,384.8,"#FFFFFF","WACASH","BUCKHORN2",11
-5.1,9.7,105.8,"#FFFFFF","WACASH","SODA320",11
-5.1,11.7,132.2,"#FFFFFF","WACASH","EVANS_CREEK",11
-5.1,9.9,263.4,"#FFFFFF","WACASH","JAMMER3",11
-5.1,11.6,188.7,"#FFFFFF","WACASH","SLICE_BUTTE",11
-5.1,11.2,153.7,"#FFFFFF","WACASH","FLORAS",11
-5.1,12.9,208.2,"#FFFFFF","WACASH","STONE_NURSERY",11
-7.8,8.2,122.309725568732,"","","model",12
-7.29583333333333,8.2,130.285993109806,"","","model",12
-6.79166666666667,8.2,137.059915029093,"","","model",12
-6.2875,8.2,142.631491326587,"","","model",12
-5.78333333333333,8.2,147.000722002291,"","","model",12
-5.27916666666667,8.2,150.167607056198,"","","model",12
-4.775,8.2,152.132146488307,"","","model",12
-4.27083333333334,8.2,152.894340298634,"","","model",12
-3.76666666666667,8.2,152.454188487167,"","","model",12
-3.2625,8.2,150.811691053895,"","","model",12
-2.75833333333334,8.2,147.966847998841,"","","model",12
-2.25416666666667,8.2,143.919659321996,"","","model",12
-1.75,8.2,138.670125023351,"","","model",12
-1.24583333333334,8.2,132.218245102918,"","","model",12
-0.741666666666667,8.2,124.564019560694,"","","model",12
-0.237500000000004,8.2,115.707448396676,"","","model",12
0.266666666666666,8.2,105.648531610863,"","","model",12
0.770833333333329,8.2,94.3872692032546,"","","model",12
1.275,8.2,81.9236611738606,"","","model",12
1.77916666666666,8.2,68.2577075226709,"","","model",12
2.28333333333333,8.2,53.3894082496863,"","","model",12
2.78749999999999,8.2,37.3187633549114,"","","model",12
3.29166666666666,8.2,20.0457728383444,"","","model",12
3.79583333333333,8.2,1.57043669998438,"","","model",12
4.3,8.2,-18.1072450601669,"","","model",12
-7.8,8.39583333333333,136.074162837348,"","","model",12
-7.29583333333333,8.39583333333333,146.554831730413,"","","model",12
-6.79166666666667,8.39583333333333,155.833155001683,"","","model",12
-6.2875,8.39583333333333,163.909132651157,"","","model",12
-5.78333333333333,8.39583333333333,170.782764678849,"","","model",12
-5.27916666666667,8.39583333333333,176.454051084741,"","","model",12
-4.775,8.39583333333333,180.922991868841,"","","model",12
-4.27083333333334,8.39583333333333,184.189587031152,"","","model",12
-3.76666666666667,8.39583333333333,186.25383657167,"","","model",12
-3.2625,8.39583333333333,187.115740490385,"","","model",12
-2.75833333333334,8.39583333333333,186.775298787319,"","","model",12
-2.25416666666667,8.39583333333333,185.232511462458,"","","model",12
-1.75,8.39583333333333,182.487378515803,"","","model",12
-1.24583333333334,8.39583333333333,178.539899947355,"","","model",12
-0.741666666666667,8.39583333333333,173.390075757114,"","","model",12
-0.237500000000004,8.39583333333333,167.037905945085,"","","model",12
0.266666666666666,8.39583333333333,159.483390511257,"","","model",12
0.770833333333329,8.39583333333333,150.726529455635,"","","model",12
1.275,8.39583333333333,140.767322778228,"","","model",12
1.77916666666666,8.39583333333333,129.60577047902,"","","model",12
2.28333333333333,8.39583333333333,117.241872558026,"","","model",12
2.78749999999999,8.39583333333333,103.675629015237,"","","model",12
3.29166666666666,8.39583333333333,88.9070398506556,"","","model",12
3.79583333333333,8.39583333333333,72.9361050642829,"","","model",12
4.3,8.39583333333333,55.7628246561171,"","","model",12
-7.8,8.59166666666667,146.650165492757,"","","model",12
-7.29583333333333,8.59166666666667,159.466320364667,"","","model",12
-6.79166666666667,8.59166666666667,171.080129614797,"","","model",12
-6.2875,8.59166666666667,181.49159324313,"","","model",12
-5.78333333333333,8.59166666666667,190.700711249667,"","","model",12
-5.27916666666667,8.59166666666667,198.707483634415,"","","model",12
-4.775,8.59166666666667,205.511910397378,"","","model",12
-4.27083333333334,8.59166666666667,211.113991538529,"","","model",12
-3.76666666666667,8.59166666666667,215.513727057898,"","","model",12
-3.2625,8.59166666666667,218.711116955478,"","","model",12
-2.75833333333334,8.59166666666667,220.706161231259,"","","model",12
-2.25416666666667,8.59166666666667,221.498859885254,"","","model",12
-1.75,8.59166666666667,221.08921291745,"","","model",12
-1.24583333333334,8.59166666666667,219.477220327859,"","","model",12
-0.741666666666667,8.59166666666667,216.662882116474,"","","model",12
-0.237500000000004,8.59166666666667,212.646198283291,"","","model",12
0.266666666666666,8.59166666666667,207.427168828321,"","","model",12
0.770833333333329,8.59166666666667,201.005793751554,"","","model",12
1.275,8.59166666666667,193.382073052998,"","","model",12
1.77916666666666,8.59166666666667,184.556006732648,"","","model",12
2.28333333333333,8.59166666666667,174.52759479051,"","","model",12
2.78749999999999,8.59166666666667,163.29683722657,"","","model",12
3.29166666666666,8.59166666666667,150.863734040844,"","","model",12
3.79583333333333,8.59166666666667,137.228285233324,"","","model",12
4.3,8.59166666666667,122.390490804007,"","","model",12
-7.8,8.7875,154.38076135187,"","","model",12
-7.29583333333333,8.7875,169.363486829512,"","","model",12
-6.79166666666667,8.7875,183.143866685356,"","","model",12
-6.2875,8.7875,195.721900919414,"","","model",12
-5.78333333333333,8.7875,207.097589531676,"","","model",12
-5.27916666666667,8.7875,217.270932522149,"","","model",12
-4.775,8.7875,226.241929890818,"","","model",12
-4.27083333333334,8.7875,234.010581637699,"","","model",12
-3.76666666666667,8.7875,240.576887762792,"","","model",12
-3.2625,8.7875,245.940848266092,"","","model",12
-2.75833333333334,8.7875,250.102463147595,"","","model",12
-2.25416666666667,8.7875,253.061732407308,"","","model",12
-1.75,8.7875,254.81865604523,"","","model",12
-1.24583333333334,8.7875,255.373234061355,"","","model",12
-0.741666666666667,8.7875,254.725466455686,"","","model",12
-0.237500000000004,8.7875,252.875353228231,"","","model",12
0.266666666666666,8.7875,249.822894378978,"","","model",12
0.770833333333329,8.7875,245.568089907934,"","","model",12
1.275,8.7875,240.110939815099,"","","model",12
1.77916666666666,8.7875,233.451444100472,"","","model",12
2.28333333333333,8.7875,225.58960276405,"","","model",12
2.78749999999999,8.7875,216.525415805832,"","","model",12
3.29166666666666,8.7875,206.258883225832,"","","model",12
3.79583333333333,8.7875,194.790005024032,"","","model",12
4.3,8.7875,182.11878120044,"","","model",12
-7.8,8.98333333333333,159.584168546539,"","","model",12
-7.29583333333333,8.98333333333333,176.564549256767,"","","model",12
-6.79166666666667,8.98333333333333,192.342584345201,"","","model",12
-6.2875,8.98333333333333,206.918273811845,"","","model",12
-5.78333333333333,8.98333333333333,220.291617656696,"","","model",12
-5.27916666666667,8.98333333333333,232.462615879756,"","","model",12
-4.775,8.98333333333333,243.431268481018,"","","model",12
-4.27083333333334,8.98333333333333,253.197575460489,"","","model",12
-3.76666666666667,8.98333333333333,261.761536818167,"","","model",12
-3.2625,8.98333333333333,269.123152554049,"","","model",12
-2.75833333333334,8.98333333333333,275.282422668147,"","","model",12
-2.25416666666667,8.98333333333333,280.23934716045,"","","model",12
-1.75,8.98333333333333,283.993926030957,"","","model",12
-1.24583333333334,8.98333333333333,286.546159279676,"","","model",12
-0.741666666666667,8.98333333333333,287.896046906595,"","","model",12
-0.237500000000004,8.98333333333333,288.043588911724,"","","model",12
0.266666666666666,8.98333333333333,286.988785295063,"","","model",12
0.770833333333329,8.98333333333333,284.731636056606,"","","model",12
1.275,8.98333333333333,281.272141196358,"","","model",12
1.77916666666666,8.98333333333333,276.610300714319,"","","model",12
2.28333333333333,8.98333333333333,270.746114610491,"","","model",12
2.78749999999999,8.98333333333333,263.679582884861,"","","model",12
3.29166666666666,8.98333333333333,255.410705537444,"","","model",12
3.79583333333333,8.98333333333333,245.939482568233,"","","model",12
4.3,8.98333333333333,235.265913977229,"","","model",12
-7.8,9.17916666666667,162.553795523476,"","","model",12
-7.29583333333333,9.17916666666667,181.362916093156,"","","model",12
-6.79166666666667,9.17916666666667,198.969691041052,"","","model",12
-6.2875,9.17916666666667,215.374120367151,"","","model",12
-5.78333333333333,9.17916666666667,230.57620407146,"","","model",12
-5.27916666666667,9.17916666666667,244.575942153963,"","","model",12
-4.775,9.17916666666667,257.373334614688,"","","model",12
-4.27083333333334,9.17916666666667,268.968381453617,"","","model",12
-3.76666666666667,9.17916666666667,279.361082670757,"","","model",12
-3.2625,9.17916666666667,288.551438266092,"","","model",12
-2.75833333333334,9.17916666666667,296.539448239645,"","","model",12
-2.25416666666667,9.17916666666667,303.325112591404,"","","model",12
-1.75,9.17916666666667,308.908431321361,"","","model",12
-1.24583333333334,9.17916666666667,313.289404429535,"","","model",12
-0.741666666666667,9.17916666666667,316.46803191592,"","","model",12
-0.237500000000004,9.17916666666667,318.444313780506,"","","model",12
0.266666666666666,9.17916666666667,319.218250023299,"","","model",12
0.770833333333329,9.17916666666667,318.789840644298,"","","model",12
1.275,9.17916666666667,317.15908564351,"","","model",12
1.77916666666666,9.17916666666667,314.325985020923,"","","model",12
2.28333333333333,9.17916666666667,310.290538776542,"","","model",12
2.78749999999999,9.17916666666667,305.052746910378,"","","model",12
3.29166666666666,9.17916666666667,298.612609422413,"","","model",12
3.79583333333333,9.17916666666667,290.970126312658,"","","model",12
4.3,9.17916666666667,282.125297581112,"","","model",12
-7.8,9.375,163.55824104431,"","","model",12
-7.29583333333333,9.375,184.027186100313,"","","model",12
-6.79166666666667,9.375,203.293785534529,"","","model",12
-6.2875,9.375,221.358039346955,"","","model",12
-5.78333333333333,9.375,238.219947537584,"","","model",12
-5.27916666666667,9.375,253.879510106414,"","","model",12
-4.775,9.375,268.336727053463,"","","model",12
-4.27083333333334,9.375,281.591598378715,"","","model",12
-3.76666666666667,9.375,293.644124082175,"","","model",12
-3.2625,9.375,304.494304163837,"","","model",12
-2.75833333333334,9.375,314.142138623714,"","","model",12
-2.25416666666667,9.375,322.587627461796,"","","model",12
-1.75,9.375,329.830770678076,"","","model",12
-1.24583333333334,9.375,335.871568272576,"","","model",12
-0.741666666666667,9.375,340.710020245278,"","","model",12
-0.237500000000004,9.375,344.346126596191,"","","model",12
0.266666666666666,9.375,346.779887325307,"","","model",12
0.770833333333329,9.375,348.011302432633,"","","model",12
1.275,9.375,348.040371918166,"","","model",12
1.77916666666666,9.375,346.867095781905,"","","model",12
2.28333333333333,9.375,344.491474023849,"","","model",12
2.78749999999999,9.375,340.913506644007,"","","model",12
3.29166666666666,9.375,336.133193642365,"","","model",12
3.79583333333333,9.375,330.150535018932,"","","model",12
4.3,9.375,322.965530773711,"","","model",12
-7.8,9.57083333333333,162.841294185564,"","","model",12
-7.29583333333333,9.57083333333333,184.801148354763,"","","model",12
-6.79166666666667,9.57083333333333,205.558656902168,"","","model",12
-6.2875,9.57083333333333,225.113819827782,"","","model",12
-5.78333333333333,9.57083333333333,243.466637131604,"","","model",12
-5.27916666666667,9.57083333333333,260.617108813633,"","","model",12
-4.775,9.57083333333333,276.565234873863,"","","model",12
-4.27083333333334,9.57083333333333,291.311015312308,"","","model",12
-3.76666666666667,9.57083333333333,304.85445012896,"","","model",12
-3.2625,9.57083333333333,317.195539323809,"","","model",12
-2.75833333333334,9.57083333333333,328.334282896878,"","","model",12
-2.25416666666667,9.57083333333333,338.270680848152,"","","model",12
-1.75,9.57083333333333,347.004733177631,"","","model",12
-1.24583333333334,9.57083333333333,354.536439885313,"","","model",12
-0.741666666666667,9.57083333333333,360.865800971211,"","","model",12
-0.237500000000004,9.57083333333333,365.992816435314,"","","model",12
0.266666666666666,9.57083333333333,369.917486277618,"","","model",12
0.770833333333329,9.57083333333333,372.639810498133,"","","model",12
1.275,9.57083333333333,374.15978909686,"","","model",12
1.77916666666666,9.57083333333333,374.477422073787,"","","model",12
2.28333333333333,9.57083333333333,373.592709428925,"","","model",12
2.78749999999999,9.57083333333333,371.50565116227,"","","model",12
3.29166666666666,9.57083333333333,368.216247273826,"","","model",12
3.79583333333333,9.57083333333333,363.724497763585,"","","model",12
4.3,9.57083333333333,358.030402631553,"","","model",12
-7.8,9.76666666666667,160.621934338673,"","","model",12
-7.29583333333333,9.76666666666667,183.903782247929,"","","model",12
-6.79166666666667,9.76666666666667,205.983284535394,"","","model",12
-6.2875,9.76666666666667,226.860441201063,"","","model",12
-5.78333333333333,9.76666666666667,246.535252244945,"","","model",12
-5.27916666666667,9.76666666666667,265.007717667028,"","","model",12
-4.775,9.76666666666667,282.277837467326,"","","model",12
-4.27083333333334,9.76666666666667,298.345611645825,"","","model",12
-3.76666666666667,9.76666666666667,313.211040202534,"","","model",12
-3.2625,9.76666666666667,326.874123137451,"","","model",12
-2.75833333333334,9.76666666666667,339.334860450575,"","","model",12
-2.25416666666667,9.76666666666667,350.593252141901,"","","model",12
-1.75,9.76666666666667,360.649298211438,"","","model",12
-1.24583333333334,9.76666666666667,369.502998659185,"","","model",12
-0.741666666666667,9.76666666666667,377.154353485139,"","","model",12
-0.237500000000004,9.76666666666667,383.603362689298,"","","model",12
0.266666666666666,9.76666666666667,388.850026271663,"","","model",12
0.770833333333329,9.76666666666667,392.894344232238,"","","model",12
1.275,9.76666666666667,395.73631657102,"","","model",12
1.77916666666666,9.76666666666667,397.375943288011,"","","model",12
2.28333333333333,9.76666666666667,397.813224383208,"","","model",12
2.78749999999999,9.76666666666667,397.048159856611,"","","model",12
3.29166666666666,9.76666666666667,395.080749708224,"","","model",12
3.79583333333333,9.76666666666667,391.910993938039,"","","model",12
4.3,9.76666666666667,387.538892546064,"","","model",12
-7.8,9.9625,157.094331209952,"","","model",12
-7.29583333333333,9.9625,181.529257486138,"","","model",12
-6.79166666666667,9.9625,204.761838140536,"","","model",12
-6.2875,9.9625,226.792073173126,"","","model",12
-5.78333333333333,9.9625,247.619962583931,"","","model",12
-5.27916666666667,9.9625,267.245506372948,"","","model",12
-4.775,9.9625,285.66870454016,"","","model",12
-4.27083333333334,9.9625,302.889557085592,"","","model",12
-3.76666666666667,9.9625,318.908064009227,"","","model",12
-3.2625,9.9625,333.724225311073,"","","model",12
-2.75833333333334,9.9625,347.338040991115,"","","model",12
-2.25416666666667,9.9625,359.749511049376,"","","model",12
-1.75,9.9625,370.958635485838,"","","model",12
-1.24583333333334,9.9625,380.96541430051,"","","model",12
-0.741666666666667,9.9625,389.769847493391,"","","model",12
-0.237500000000004,9.9625,397.371935064474,"","","model",12
0.266666666666666,9.9625,403.771677013769,"","","model",12
0.770833333333329,9.9625,408.969073341264,"","","model",12
1.275,9.9625,412.964124046978,"","","model",12
1.77916666666666,9.9625,415.756829130889,"","","model",12
2.28333333333333,9.9625,417.347188593012,"","","model",12
2.78749999999999,9.9625,417.735202433343,"","","model",12
3.29166666666666,9.9625,416.920870651882,"","","model",12
3.79583333333333,9.9625,414.904193248626,"","","model",12
4.3,9.9625,411.685170223574,"","","model",12
-7.8,10.1583333333333,152.427844820643,"","","model",12
-7.29583333333333,10.1583333333333,177.846934090623,"","","model",12
-6.79166666666667,10.1583333333333,202.063677738805,"","","model",12
-6.2875,10.1583333333333,225.078075765197,"","","model",12
-5.78333333333333,10.1583333333333,246.890128169797,"","","model",12
-5.27916666666667,10.1583333333333,267.4998349526,"","","model",12
-4.775,10.1583333333333,286.907196113611,"","","model",12
-4.27083333333334,10.1583333333333,305.112211652838,"","","model",12
-3.76666666666667,10.1583333333333,322.11488157026,"","","model",12
-3.2625,10.1583333333333,337.915205865894,"","","model",12
-2.75833333333334,10.1583333333333,352.513184539742,"","","model",12
-2.25416666666667,10.1583333333333,365.908817591793,"","","model",12
-1.75,10.1583333333333,378.10210502205,"","","model",12
-1.24583333333334,10.1583333333333,389.093046830511,"","","model",12
-0.741666666666667,10.1583333333333,398.881643017185,"","","model",12
-0.237500000000004,10.1583333333333,407.467893582064,"","","model",12
0.266666666666666,10.1583333333333,414.851798525149,"","","model",12
0.770833333333329,10.1583333333333,421.033357846442,"","","model",12
1.275,10.1583333333333,426.012571545944,"","","model",12
1.77916666666666,10.1583333333333,429.789439623652,"","","model",12
2.28333333333333,10.1583333333333,432.363962079573,"","","model",12
2.78749999999999,10.1583333333333,433.736138913693,"","","model",12
3.29166666666666,10.1583333333333,433.905970126025,"","","model",12
3.79583333333333,10.1583333333333,432.873455716562,"","","model",12
4.3,10.1583333333333,430.638595685307,"","","model",12
-7.8,10.3541666666667,146.767025506859,"","","model",12
-7.29583333333333,10.3541666666667,173.001362397499,"","","model",12
-6.79166666666667,10.3541666666667,198.033353666337,"","","model",12
-6.2875,10.3541666666667,221.862999313396,"","","model",12
-5.78333333333333,10.3541666666667,244.490299338655,"","","model",12
-5.27916666666667,10.3541666666667,265.915253742126,"","","model",12
-4.775,10.3541666666667,286.137862523797,"","","model",12
-4.27083333333334,10.3541666666667,305.158125683675,"","","model",12
-3.76666666666667,10.3541666666667,322.976043221768,"","","model",12
-3.2625,10.3541666666667,339.591615138058,"","","model",12
-2.75833333333334,10.3541666666667,355.004841432566,"","","model",12
-2.25416666666667,10.3541666666667,369.215722105278,"","","model",12
-1.75,10.3541666666667,382.224257156198,"","","model",12
-1.24583333333334,10.3541666666667,394.030446585319,"","","model",12
-0.741666666666667,10.3541666666667,404.634290392651,"","","model",12
-0.237500000000004,10.3541666666667,414.035788578195,"","","model",12
0.266666666666666,10.3541666666667,422.23494114194,"","","model",12
0.770833333333329,10.3541666666667,429.231748083897,"","","model",12
1.275,10.3541666666667,435.026209404058,"","","model",12
1.77916666666666,10.3541666666667,439.618325102429,"","","model",12
2.28333333333333,10.3541666666667,443.008095179006,"","","model",12
2.78749999999999,10.3541666666667,445.195519633788,"","","model",12
3.29166666666666,10.3541666666667,446.180598466784,"","","model",12
3.79583333333333,10.3541666666667,445.963331677983,"","","model",12
4.3,10.3541666666667,444.54371926739,"","","model",12
-7.8,10.55,140.231613919634,"","","model",12
-7.29583333333333,10.55,167.112283057799,"","","model",12
-6.79166666666667,10.55,192.790606574169,"","","model",12
-6.2875,10.55,217.266584468753,"","","model",12
-5.78333333333333,10.55,240.540216741544,"","","model",12
-5.27916666666667,10.55,262.611503392532,"","","model",12
-4.775,10.55,283.480444421734,"","","model",12
-4.27083333333334,10.55,303.147039829149,"","","model",12
-3.76666666666667,10.55,321.611289614759,"","","model",12
-3.2625,10.55,338.873193778588,"","","model",12
-2.75833333333334,10.55,354.932752320621,"","","model",12
-2.25416666666667,10.55,369.789965240866,"","","model",12
-1.75,10.55,383.444832539313,"","","model",12
-1.24583333333334,10.55,395.897354215964,"","","model",12
-0.741666666666667,10.55,407.147530270824,"","","model",12
-0.237500000000004,10.55,417.195360703893,"","","model",12
0.266666666666666,10.55,426.04084551517,"","","model",12
0.770833333333329,10.55,433.683984704649,"","","model",12
1.275,10.55,440.124778272343,"","","model",12
1.77916666666666,10.55,445.36322621824,"","","model",12
2.28333333333333,10.55,449.399328542349,"","","model",12
2.78749999999999,10.55,452.233085244659,"","","model",12
3.29166666666666,10.55,453.864496325181,"","","model",12
3.79583333333333,10.55,454.293561783909,"","","model",12
4.3,10.55,453.520281620839,"","","model",12
-7.8,10.7458333333333,132.916541024883,"","","model",12
-7.29583333333333,10.7458333333333,160.274627037445,"","","model",12
-6.79166666666667,10.7458333333333,186.430367428219,"","","model",12
-6.2875,10.7458333333333,211.3837621972,"","","model",12
-5.78333333333333,10.7458333333333,235.134811344377,"","","model",12
-5.27916666666667,10.7458333333333,257.683514869773,"","","model",12
-4.775,10.7458333333333,279.029872773369,"","","model",12
-4.27083333333334,10.7458333333333,299.173885055169,"","","model",12
-3.76666666666667,10.7458333333333,318.115551715187,"","","model",12
-3.2625,10.7458333333333,335.854872753406,"","","model",12
-2.75833333333334,10.7458333333333,352.391848169836,"","","model",12
-2.25416666666667,10.7458333333333,367.726477964468,"","","model",12
-1.75,10.7458333333333,381.858762137314,"","","model",12
-1.24583333333334,10.7458333333333,394.788700688363,"","","model",12
-0.741666666666667,10.7458333333333,406.516293617624,"","","model",12
-0.237500000000004,10.7458333333333,417.041540925085,"","","model",12
0.266666666666666,10.7458333333333,426.364442610755,"","","model",12
0.770833333333329,10.7458333333333,434.484998674636,"","","model",12
1.275,10.7458333333333,441.403209116722,"","","model",12
1.77916666666666,10.7458333333333,447.119073937018,"","","model",12
2.28333333333333,10.7458333333333,451.632593135519,"","","model",12
2.78749999999999,10.7458333333333,454.943766712226,"","","model",12
3.29166666666666,10.7458333333333,457.052594667146,"","","model",12
3.79583333333333,10.7458333333333,457.95907700027,"","","model",12
4.3,10.7458333333333,457.6632137116,"","","model",12
-7.8,10.9416666666667,124.891928103455,"","","model",12
-7.29583333333333,10.9416666666667,152.558515617271,"","","model",12
-6.79166666666667,10.9416666666667,179.022757509311,"","","model",12
-6.2875,10.9416666666667,204.284653779547,"","","model",12
-5.78333333333333,10.9416666666667,228.344204427993,"","","model",12
-5.27916666666667,10.9416666666667,251.201409454648,"","","model",12
-4.775,10.9416666666667,272.856268859517,"","","model",12
-4.27083333333334,10.9416666666667,293.308782642579,"","","model",12
-3.76666666666667,10.9416666666667,312.558950803852,"","","model",12
-3.2625,10.9416666666667,330.606773343344,"","","model",12
-2.75833333333334,10.9416666666667,347.452250261028,"","","model",12
-2.25416666666667,10.9416666666667,363.09538155693,"","","model",12
-1.75,10.9416666666667,377.536167231037,"","","model",12
-1.24583333333334,10.9416666666667,390.774607283352,"","","model",12
-0.741666666666667,10.9416666666667,402.810701713875,"","","model",12
-0.237500000000004,10.9416666666667,413.644450522598,"","","model",12
0.266666666666666,10.9416666666667,423.275853709534,"","","model",12
0.770833333333329,10.9416666666667,431.704911274675,"","","model",12
1.275,10.9416666666667,438.931623218027,"","","model",12
1.77916666666666,10.9416666666667,444.955989539585,"","","model",12
2.28333333333333,10.9416666666667,449.778010239354,"","","model",12
2.78749999999999,10.9416666666667,453.397685317323,"","","model",12
3.29166666666666,10.9416666666667,455.815014773503,"","","model",12
3.79583333333333,10.9416666666667,457.029998607891,"","","model",12
4.3,10.9416666666667,457.042636820483,"","","model",12
-7.8,11.1375,116.203086751041,"","","model",12
-7.29583333333333,11.1375,144.009260392999,"","","model",12
-6.79166666666667,11.1375,170.613088413162,"","","model",12
-6.2875,11.1375,196.014570811529,"","","model",12
-5.78333333333333,11.1375,220.21370758811,"","","model",12
-5.27916666666667,11.1375,243.210498742895,"","","model",12
-4.775,11.1375,265.004944275891,"","","model",12
-4.27083333333334,11.1375,285.597044187088,"","","model",12
-3.76666666666667,11.1375,304.986798476495,"","","model",12
-3.2625,11.1375,323.174207144114,"","","model",12
-2.75833333333334,11.1375,340.159270189937,"","","model",12
-2.25416666666667,11.1375,355.941987613963,"","","model",12
-1.75,11.1375,370.5223594162,"","","model",12
-1.24583333333334,11.1375,383.900385596648,"","","model",12
-0.741666666666667,11.1375,396.076066155299,"","","model",12
-0.237500000000004,11.1375,407.049401092155,"","","model",12
0.266666666666666,11.1375,416.820390407222,"","","model",12
0.770833333333329,11.1375,425.389034100495,"","","model",12
1.275,11.1375,432.755332171978,"","","model",12
1.77916666666666,11.1375,438.919284621667,"","","model",12
2.28333333333333,11.1375,443.880891449562,"","","model",12
2.78749999999999,11.1375,447.640152655666,"","","model",12
3.29166666666666,11.1375,450.197068239973,"","","model",12
3.79583333333333,11.1375,451.551638202492,"","","model",12
4.3,11.1375,451.703862543217,"","","model",12
-7.8,11.3333333333333,106.870518878292,"","","model",12
-7.29583333333333,11.3333333333333,134.647363275246,"","","model",12
-6.79166666666667,11.3333333333333,161.221862050412,"","","model",12
-6.2875,11.3333333333333,186.594015203778,"","","model",12
-5.78333333333333,11.3333333333333,210.763822735355,"","","model",12
-5.27916666666667,11.3333333333333,233.731284645143,"","","model",12
-4.775,11.3333333333333,255.496400933135,"","","model",12
-4.27083333333334,11.3333333333333,276.059171599328,"","","model",12
-3.76666666666667,11.3333333333333,295.419596643735,"","","model",12
-3.2625,11.3333333333333,313.577676066353,"","","model",12
-2.75833333333334,11.3333333333333,330.533409867171,"","","model",12
-2.25416666666667,11.3333333333333,346.286798046197,"","","model",12
-1.75,11.3333333333333,360.837840603434,"","","model",12
-1.24583333333334,11.3333333333333,374.186537538881,"","","model",12
-0.741666666666667,11.3333333333333,386.332888852523,"","","model",12
-0.237500000000004,11.3333333333333,397.276894544383,"","","model",12
0.266666666666666,11.3333333333333,407.018554614449,"","","model",12
0.770833333333329,11.3333333333333,415.557869062721,"","","model",12
1.275,11.3333333333333,422.894837889199,"","","model",12
1.77916666666666,11.3333333333333,429.029461093885,"","","model",12
2.28333333333333,11.3333333333333,433.96173867678,"","","model",12
2.78749999999999,11.3333333333333,437.691670637882,"","","model",12
3.29166666666666,11.3333333333333,440.219256977189,"","","model",12
3.79583333333333,11.3333333333333,441.544497694705,"","","model",12
4.3,11.3333333333333,441.667392790429,"","","model",12
-7.8,11.5291666666667,96.8899167107343,"","","model",12
-7.29583333333333,11.5291666666667,124.468516489553,"","","model",12
-6.79166666666667,11.5291666666667,150.844770646576,"","","model",12
-6.2875,11.5291666666667,176.018679181814,"","","model",12
-5.78333333333333,11.5291666666667,199.990242095259,"","","model",12
-5.27916666666667,11.5291666666667,222.759459386901,"","","model",12
-4.775,11.5291666666667,244.326331056761,"","","model",12
-4.27083333333334,11.5291666666667,264.690857104833,"","","model",12
-3.76666666666667,11.5291666666667,283.853037531097,"","","model",12
-3.2625,11.5291666666667,301.812872335576,"","","model",12
-2.75833333333334,11.5291666666667,318.570361518266,"","","model",12
-2.25416666666667,11.5291666666667,334.12550507916,"","","model",12
-1.75,11.5291666666667,348.478303018263,"","","model",12
-1.24583333333334,11.5291666666667,361.628755335567,"","","model",12
-0.741666666666667,11.5291666666667,373.576862031085,"","","model",12
-0.237500000000004,11.5291666666667,384.322623104813,"","","model",12
0.266666666666666,11.5291666666667,393.866038556738,"","","model",12
0.770833333333329,11.5291666666667,402.207108386878,"","","model",12
1.275,11.5291666666667,409.345832595224,"","","model",12
1.77916666666666,11.5291666666667,415.282211181777,"","","model",12
2.28333333333333,11.5291666666667,420.016244146538,"","","model",12
2.78749999999999,11.5291666666667,423.547931489506,"","","model",12
3.29166666666666,11.5291666666667,425.877273210677,"","","model",12
3.79583333333333,11.5291666666667,427.004269310059,"","","model",12
4.3,11.5291666666667,426.928919787649,"","","model",12
-7.8,11.725,86.2321627887763,"","","model",12
-7.29583333333333,11.725,113.443602576332,"","","model",12
-6.79166666666667,11.725,139.452696742092,"","","model",12
-6.2875,11.725,164.259445286059,"","","model",12
-5.78333333333333,11.725,187.863848208237,"","","model",12
-5.27916666666667,11.725,210.265905508623,"","","model",12
-4.775,11.725,231.465617187209,"","","model",12
-4.27083333333334,11.725,251.462983244003,"","","model",12
-3.76666666666667,11.725,270.258003679015,"","","model",12
-3.2625,11.725,287.85067849222,"","","model",12
-2.75833333333334,11.725,304.241007683647,"","","model",12
-2.25416666666667,11.725,319.428991253274,"","","model",12
-1.75,11.725,333.414629201112,"","","model",12
-1.24583333333334,11.725,346.197921527146,"","","model",12
-0.741666666666667,11.725,357.778868231395,"","","model",12
-0.237500000000004,11.725,368.157469313858,"","","model",12
0.266666666666666,11.725,377.333724774518,"","","model",12
0.770833333333329,11.725,385.307634613388,"","","model",12
1.275,11.725,392.079198830469,"","","model",12
1.77916666666666,11.725,397.648417425755,"","","model",12
2.28333333333333,11.725,402.015290399249,"","","model",12
2.78749999999999,11.725,405.179817750946,"","","model",12
3.29166666666666,11.725,407.141999480858,"","","model",12
3.79583333333333,11.725,407.901835588974,"","","model",12
4.3,11.725,407.459326075298,"","","model",12
-7.8,11.9208333333333,74.8433299677567,"","","model",12
-7.29583333333333,11.9208333333333,101.518694390914,"","","model",12
-6.79166666666667,11.9208333333333,126.991713192276,"","","model",12
-6.2875,11.9208333333333,151.262386371842,"","","model",12
-5.78333333333333,11.9208333333333,174.330713929622,"","","model",12
-5.27916666666667,11.9208333333333,196.196695865606,"","","model",12
-4.775,11.9208333333333,216.860332179801,"","","model",12
-4.27083333333334,11.9208333333333,236.321622872193,"","","model",12
-3.76666666666667,11.9208333333333,254.580567942803,"","","model",12
-3.2625,11.9208333333333,271.637167391617,"","","model",12
-2.75833333333334,11.9208333333333,287.491421218639,"","","model",12
-2.25416666666667,11.9208333333333,302.143329423863,"","","model",12
-1.75,11.9208333333333,315.592892007302,"","","model",12
-1.24583333333334,11.9208333333333,327.840108968949,"","","model",12
-0.741666666666667,11.9208333333333,338.884980308798,"","","model",12
-0.237500000000004,11.9208333333333,348.72750602685,"","","model",12
0.266666666666666,11.9208333333333,357.367686123118,"","","model",12
0.770833333333329,11.9208333333333,364.805520597589,"","","model",12
1.275,11.9208333333333,371.04100945027,"","","model",12
1.77916666666666,11.9208333333333,376.074152681158,"","","model",12
2.28333333333333,11.9208333333333,379.904950290251,"","","model",12
2.78749999999999,11.9208333333333,382.53340227755,"","","model",12
3.29166666666666,11.9208333333333,383.95950864306,"","","model",12
3.79583333333333,11.9208333333333,384.183269386781,"","","model",12
4.3,11.9208333333333,383.204684508702,"","","model",12
-7.8,12.1166666666667,62.6446814179039,"","","model",12
-7.29583333333333,12.1166666666667,88.615055103528,"","","model",12
-6.79166666666667,12.1166666666667,113.383083167354,"","","model",12
-6.2875,12.1166666666667,136.948765609393,"","","model",12
-5.78333333333333,12.1166666666667,159.312102429644,"","","model",12
-5.27916666666667,12.1166666666667,180.473093628084,"","","model",12
-4.775,12.1166666666667,200.43173920475,"","","model",12
-4.27083333333334,12.1166666666667,219.188039159616,"","","model",12
-3.76666666666667,12.1166666666667,236.741993492689,"","","model",12
-3.2625,12.1166666666667,253.093602203974,"","","model",12
-2.75833333333334,12.1166666666667,268.242865293463,"","","model",12
-2.25416666666667,12.1166666666667,282.189782761162,"","","model",12
-1.75,12.1166666666667,294.934354607067,"","","model",12
-1.24583333333334,12.1166666666667,306.476580831175,"","","model",12
-0.741666666666667,12.1166666666667,316.816461433495,"","","model",12
-0.237500000000004,12.1166666666667,325.953996414019,"","","model",12
0.266666666666666,12.1166666666667,333.889185772752,"","","model",12
0.770833333333329,12.1166666666667,340.62202950969,"","","model",12
1.275,12.1166666666667,346.15252762484,"","","model",12
1.77916666666666,12.1166666666667,350.480680118195,"","","model",12
2.28333333333333,12.1166666666667,353.606486989762,"","","model",12
2.78749999999999,12.1166666666667,355.529948239528,"","","model",12
3.29166666666666,12.1166666666667,356.251063867507,"","","model",12
3.79583333333333,12.1166666666667,355.769833873693,"","","model",12
4.3,12.1166666666667,354.08625825808,"","","model",12
-7.8,12.3125,49.5326706243327,"","","model",12
-7.29583333333333,12.3125,74.6291381992924,"","","model",12
-6.79166666666667,12.3125,98.5232601524608,"","","model",12
-6.2875,12.3125,121.215036483829,"","","model",12
-5.78333333333333,12.3125,142.704467193415,"","","model",12
-5.27916666666667,12.3125,162.991552281202,"","","model",12
-4.775,12.3125,182.076291747199,"","","model",12
-4.27083333333334,12.3125,199.958685591398,"","","model",12
-3.76666666666667,12.3125,216.63873381381,"","","model",12
-3.2625,12.3125,232.116436414431,"","","model",12
-2.75833333333334,12.3125,246.391793393248,"","","model",12
-2.25416666666667,12.3125,259.464804750285,"","","model",12
-1.75,12.3125,271.335470485525,"","","model",12
-1.24583333333334,12.3125,282.003790598968,"","","model",12
-0.741666666666667,12.3125,291.469765090626,"","","model",12
-0.237500000000004,12.3125,299.733393960486,"","","model",12
0.266666666666666,12.3125,306.794677208554,"","","model",12
0.770833333333329,12.3125,312.653614834833,"","","model",12
1.275,12.3125,317.310206839314,"","","model",12
1.77916666666666,12.3125,320.764453222004,"","","model",12
2.28333333333333,12.3125,323.016353982906,"","","model",12
2.78749999999999,12.3125,324.06590912201,"","","model",12
3.29166666666666,12.3125,323.913118639322,"","","model",12
3.79583333333333,12.3125,322.557982534846,"","","model",12
4.3,12.3125,320.000500808573,"","","model",12
-7.8,12.5083333333333,35.3789413870695,"","","model",12
-7.29583333333333,12.5083333333333,59.4325874782335,"","","model",12
-6.79166666666667,12.5083333333333,82.2838879476026,"","","model",12
-6.2875,12.5083333333333,103.932842795179,"","","model",12
-5.78333333333333,12.5083333333333,124.379452020962,"","","model",12
-5.27916666666667,12.5083333333333,143.62371562496,"","","model",12
-4.775,12.5083333333333,161.665633607155,"","","model",12
-4.27083333333334,12.5083333333333,178.505205967561,"","","model",12
-3.76666666666667,12.5083333333333,194.142432706174,"","","model",12
-3.2625,12.5083333333333,208.577313822992,"","","model",12
-2.75833333333334,12.5083333333333,221.809849318022,"","","model",12
-2.25416666666667,12.5083333333333,233.840039191261,"","","model",12
-1.75,12.5083333333333,244.667883442704,"","","model",12
-1.24583333333334,12.5083333333333,254.293382072352,"","","model",12
-0.741666666666667,12.5083333333333,262.716535080208,"","","model",12
-0.237500000000004,12.5083333333333,269.937342466273,"","","model",12
0.266666666666666,12.5083333333333,275.955804230547,"","","model",12
0.770833333333329,12.5083333333333,280.771920373025,"","","model",12
1.275,12.5083333333333,284.385690893711,"","","model",12
1.77916666666666,12.5083333333333,286.797115792606,"","","model",12
2.28333333333333,12.5083333333333,288.006195069711,"","","model",12
2.78749999999999,12.5083333333333,288.012928725018,"","","model",12
3.29166666666666,12.5083333333333,286.817316758536,"","","model",12
3.79583333333333,12.5083333333333,284.41935917026,"","","model",12
4.3,12.5083333333333,280.819055960191,"","","model",12
-7.8,12.7041666666667,20.030327821049,"","","model",12
-7.29583333333333,12.7041666666667,42.8722370552787,"","","model",12
-6.79166666666667,12.7041666666667,64.5118006677208,"","","model",12
-6.2875,12.7041666666667,84.9490186583662,"","","model",12
-5.78333333333333,12.7041666666667,104.183891027222,"","","model",12
-5.27916666666667,12.7041666666667,122.216417774286,"","","model",12
-4.775,12.7041666666667,139.046598899554,"","","model",12
-4.27083333333334,12.7041666666667,154.674434403029,"","","model",12
-3.76666666666667,12.7041666666667,169.099924284719,"","","model",12
-3.2625,12.7041666666667,182.323068544613,"","","model",12
-2.75833333333334,12.7041666666667,194.343867182702,"","","model",12
-2.25416666666667,12.7041666666667,205.162320199013,"","","model",12
-1.75,12.7041666666667,214.778427593528,"","","model",12
-1.24583333333334,12.7041666666667,223.19218936624,"","","model",12
-0.741666666666667,12.7041666666667,230.403605517175,"","","model",12
-0.237500000000004,12.7041666666667,236.412676046312,"","","model",12
0.266666666666666,12.7041666666667,241.219400953656,"","","model",12
0.770833333333329,12.7041666666667,244.823780239203,"","","model",12
1.275,12.7041666666667,247.225813902963,"","","model",12
1.77916666666666,12.7041666666667,248.425501944928,"","","model",12
2.28333333333333,12.7041666666667,248.422844365097,"","","model",12
2.78749999999999,12.7041666666667,247.217841163478,"","","model",12
3.29166666666666,12.7041666666667,244.810492340066,"","","model",12
3.79583333333333,12.7041666666667,241.200797894861,"","","model",12
4.3,12.7041666666667,236.388757827862,"","","model",12
-7.8,12.9,3.30885435608479,"","","model",12
-7.29583333333333,12.9,24.7701113602561,"","","model",12
-6.79166666666667,12.9,45.0290227426326,"","","model",12
-6.2875,12.9,64.0855885032197,"","","model",12
-5.78333333333333,12.9,81.9398086420138,"","","model",12
-5.27916666666667,12.9,98.5916831590121,"","","model",12
-4.775,12.9,114.041212054218,"","","model",12
-4.27083333333334,12.9,128.288395327635,"","","model",12
-3.76666666666667,12.9,141.333232979263,"","","model",12
-3.2625,12.9,153.175725009084,"","","model",12
-2.75833333333334,12.9,163.815871417125,"","","model",12
-2.25416666666667,12.9,173.253672203371,"","","model",12
-1.75,12.9,181.489127367822,"","","model",12
-1.24583333333334,12.9,188.522236910478,"","","model",12
-0.741666666666667,12.9,194.353000831348,"","","model",12
-0.237500000000004,12.9,198.981419130424,"","","model",12
0.266666666666666,12.9,202.407491807704,"","","model",12
0.770833333333329,12.9,204.631218863187,"","","model",12
1.275,12.9,205.652600296889,"","","model",12
1.77916666666666,12.9,205.471636108789,"","","model",12
2.28333333333333,12.9,204.088326298899,"","","model",12
2.78749999999999,12.9,201.502670867218,"","","model",12
3.29166666666666,12.9,197.714669813746,"","","model",12
3.79583333333333,12.9,192.724323138477,"","","model",12
4.3,12.9,186.531630841418,"","","model",12
